step,epoch,train_loss
49,3,0.05983554571866989
99,7,0.04212681204080582
149,11,0.038000866770744324
