step,epoch,train_loss
49,3,0.4438404440879822
99,7,0.5133445262908936
149,11,0.21826326847076416
199,15,0.3169333040714264
249,19,0.2329545021057129
299,23,0.15118923783302307
349,26,0.10850701481103897
