step,epoch,train_loss
49,3,0.43318653106689453
99,7,0.3056984543800354
149,11,0.14967715740203857
199,15,0.24149242043495178
249,19,0.11336673051118851
299,23,0.1026444137096405
349,26,0.16858084499835968
399,30,0.09273606538772583
449,34,0.0368451364338398
499,38,0.027376744896173477
549,42,0.013608370907604694
599,46,0.016471633687615395
649,49,0.0007448465330526233
