step,epoch,train_loss
49,3,0.45791736245155334
99,7,0.2865377962589264
149,11,0.3245314955711365
199,15,0.1377766877412796
