step,epoch,train_loss
49,3,0.49129438400268555
99,7,0.2618696689605713
149,11,0.22522205114364624
199,15,0.23370423913002014
