step,epoch,train_loss
49,3,0.4291400611400604
99,7,0.24440711736679077
149,11,0.19982171058654785
199,15,0.2597533166408539
249,19,0.2716309130191803
299,23,0.23241887986660004
349,26,0.1772731989622116
399,30,0.14514553546905518
449,34,0.12671330571174622
499,38,0.05783052742481232
