step,epoch,train_loss
49,3,0.3877367079257965
99,7,0.25430983304977417
149,11,0.24707140028476715
199,15,0.24659861624240875
249,19,0.3848459720611572
299,23,0.15948432683944702
349,26,0.19373132288455963
399,30,0.16216875612735748
449,34,0.09368083626031876
499,38,0.08896196633577347
549,42,0.05547346919775009
599,46,0.014030358754098415
649,49,0.021373169496655464
