step,epoch,train_loss
49,3,0.027637016028165817
99,7,0.020740728825330734
149,11,0.017426276579499245
