step,epoch,train_loss
49,3,0.42786094546318054
99,7,0.42086416482925415
