step,epoch,train_loss
49,3,0.3347131311893463
99,7,0.3980359435081482
149,11,0.28922757506370544
199,15,0.39884573221206665
249,19,0.24590378999710083
299,23,0.16499745845794678
349,26,0.14438632130622864
399,30,0.09089181572198868
449,34,0.0696561187505722
499,38,0.017269806936383247
549,42,0.013947086408734322
599,46,0.006698780693113804
649,49,0.004052830394357443
