step,epoch,train_loss
49,3,0.4306061267852783
99,7,0.37919479608535767
149,11,0.18808995187282562
199,15,0.26503613591194153
249,19,0.28554922342300415
