step,epoch,train_loss
49,3,0.6336187720298767
99,7,0.5417495369911194
149,11,0.5210498571395874
199,15,0.4187246561050415
