step,epoch,train_loss
49,3,0.2854366600513458
99,7,0.2250216007232666
