step,epoch,train_loss
49,3,0.5796719193458557
99,7,0.2298048883676529
149,11,0.3156530559062958
199,15,0.19157567620277405
249,19,0.29087844491004944
299,23,0.22054949402809143
349,26,0.279126912355423
399,30,0.18001288175582886
449,34,0.1539318561553955
499,38,0.13457927107810974
549,42,0.06840590387582779
599,46,0.011425177566707134
649,49,0.0024609474930912256
