step,epoch,train_loss
49,3,0.3797282874584198
99,7,0.33584821224212646
