step,epoch,train_loss
49,3,0.35869133472442627
99,7,0.27212291955947876
149,11,0.31308645009994507
199,15,0.1292184442281723
249,19,0.15558749437332153
