step,epoch,train_loss
49,3,0.5138123631477356
99,7,0.3676193058490753
149,11,0.32626134157180786
199,15,0.3523014187812805
249,19,0.20836646854877472
299,23,0.1793292909860611
349,26,0.13338445127010345
399,30,0.1002228707075119
449,34,0.1458720713853836
499,38,0.054269954562187195
549,42,0.011868617497384548
599,46,0.04790966212749481
649,49,0.00042955897515639663
