step,epoch,train_loss
49,3,0.4645764231681824
99,7,0.30804693698883057
149,11,0.3193580210208893
