step,epoch,train_loss
49,3,0.3819204866886139
99,7,0.31868985295295715
149,11,0.29380935430526733
199,15,0.428494930267334
249,19,0.2958313822746277
299,23,0.12497501820325851
349,26,0.18221834301948547
