step,epoch,train_loss
49,3,0.14525721967220306
99,7,0.10777349770069122
