step,epoch,train_loss
49,3,0.43205299973487854
99,7,0.16232043504714966
149,11,0.41528043150901794
199,15,0.18926101922988892
249,19,0.2662648856639862
299,23,0.2155144214630127
349,26,0.15669989585876465
399,30,0.20904317498207092
449,34,0.14035992324352264
499,38,0.0478353314101696
549,42,0.056264255195856094
599,46,0.031163597479462624
649,49,0.018652135506272316
